City_ID,City,Lat,Lng,Max Temp,Humidity,Cloudiness,Wind Speed,Country,Date
0,ola,59.5833,151.2833,8.68,87,100,0.61,RU,1718672065
1,adamstown,-25.066,-130.1015,22.62,83,100,6.4,PN,1718672066
2,lihue,21.9789,-159.3672,30.58,69,75,6.17,US,1718672066
3,margaret river,-33.95,115.0667,15.2,73,98,7.76,AU,1718672066
4,colonia,50.9333,6.95,16.09,90,0,1.03,DE,1718672066
5,stanley,54.868,-1.6985,10.03,96,20,1.54,GB,1718672066
6,gizo,-8.103,156.8419,27.65,84,44,5.45,SB,1718672066
7,markovo,57.3206,107.0881,17.8,41,3,4.31,RU,1718672066
8,antofagasta,-23.65,-70.4,15.6,86,98,2.33,CL,1718672067
9,grytviken,-54.2811,-36.5092,-4.7,80,29,4.9,GS,1718672067
10,heunghae,36.1125,129.3522,27.89,41,0,2.01,KR,1718672067
11,bilibino,68.0546,166.4372,22.28,31,94,2.02,RU,1718672067
12,college,64.8569,-147.8028,27.99,25,40,4.12,US,1718672067
13,leer,53.2316,7.461,11.64,95,100,1.12,DE,1718672067
14,port-aux-francais,-49.35,70.2167,3.34,69,81,11.42,TF,1718672068
15,ilulissat,69.2167,-51.1,11.01,71,75,4.63,GL,1718672068
16,santa cruz,-17.8,-63.1667,23.7,88,40,6.69,BO,1718671962
17,udachny,66.4167,112.4,10.66,46,98,1.26,RU,1718672068
18,waitangi,-43.9535,-176.5597,10.46,93,100,5.36,NZ,1718672068
19,at-bashi,41.1702,75.8106,13.48,75,100,0.61,KG,1718672068
20,port mathurin,-19.6833,63.4167,23.37,83,23,1.35,MU,1718672069
21,aasiaat,68.7098,-52.8699,3.46,89,100,12.76,GL,1718672069
22,qaqortoq,60.7167,-46.0333,1.9,98,100,0.88,GL,1718672069
23,yemel'yanovo,56.1681,92.6767,16.45,100,75,2.0,RU,1718672069
24,west island,-12.1568,96.8225,24.99,94,100,5.14,CC,1718672069
25,papatowai,-46.5619,169.4708,7.91,75,52,6.65,NZ,1718672069
26,billund,55.7335,9.1078,13.78,94,75,2.57,DK,1718672070
27,badger,64.8,-147.5333,27.95,24,75,4.12,US,1718671863
28,tolanaro,-25.0319,46.9987,18.04,88,20,2.06,MG,1718672070
29,ust-nera,64.5667,143.2,20.78,37,100,1.71,RU,1718672070
30,puerto natales,-51.7236,-72.4875,-4.18,94,80,1.04,CL,1718671900
31,vilyuchinsk,52.9306,158.4028,13.15,80,100,2.52,RU,1718672070
32,conduaga,8.862,117.4893,30.35,65,12,0.69,PH,1718672070
33,atafu village,-8.5421,-172.5159,29.38,75,11,7.54,TK,1718672071
34,albany,42.6001,-73.9662,27.36,70,3,0.89,US,1718671870
35,vorgashor,67.5833,63.95,1.24,74,33,4.82,RU,1718672071
36,plastun,44.7561,136.2939,19.62,48,1,3.8,RU,1718672071
37,vila do maio,15.1333,-23.2167,24.44,85,100,7.36,CV,1718672071
38,mount isa,-20.7333,139.5,19.87,37,74,3.6,AU,1718672071
39,hadibu,12.65,54.0333,27.62,78,100,5.97,YE,1718672071
40,karonga,-9.9333,33.9333,18.22,82,6,1.91,MW,1718672072
41,lebu,-37.6167,-73.65,10.91,84,85,7.02,CL,1718672072
42,keflavik,64.0049,-22.5624,8.95,100,100,2.06,IS,1718672072
43,weno,7.4515,151.8468,28.54,81,100,8.73,FM,1718672072
44,port elizabeth,-33.918,25.5701,17.16,73,0,7.72,ZA,1718671934
45,fortuna,40.5982,-124.1573,18.19,62,0,5.66,US,1718672072
46,howard springs,-12.497,131.047,26.6,64,0,4.36,AU,1718672072
47,sao joao da barra,-21.6403,-41.0511,21.05,88,10,6.47,BR,1718672073
48,kirensk,57.7853,108.1119,18.14,42,24,4.18,RU,1718672073
49,sisimiut,66.9395,-53.6735,3.33,90,100,9.76,GL,1718672073
50,bethel,41.3712,-73.414,24.32,73,21,2.85,US,1718672073
51,ulanhot,46.0833,122.0833,24.23,32,80,4.1,CN,1718672073
52,merizo village,13.2658,144.6691,30.55,86,12,7.22,GU,1718672073
53,thompson,55.7435,-97.8558,16.09,31,40,8.75,CA,1718672073
54,ambodifotatra,-16.9833,49.85,24.79,73,74,5.79,MG,1718672073
55,tiksi,71.6872,128.8694,8.28,72,25,4.34,RU,1718672074
56,kayangel,8.0823,134.7173,27.74,75,100,1.64,PW,1718672074
57,cole harbour,44.6724,-63.4751,15.66,73,100,7.72,CA,1718672074
58,gornopravdinsk,60.05,69.9,11.12,75,4,4.36,RU,1718672074
59,polyarnyy,69.1989,33.4478,13.26,87,100,3.3,RU,1718672075
60,luderitz,-26.6481,15.1594,13.5,83,0,2.73,NA,1718672075
61,afaahiti,-17.75,-149.2833,25.93,77,25,7.44,PF,1718672075
62,puerto ayora,-0.7393,-90.3518,21.42,97,14,3.58,EC,1718672075
63,nioki,-2.7167,17.6833,23.49,61,18,0.23,CD,1718672075
64,winterberg,51.2,8.5333,11.93,95,100,1.16,DE,1718672076
65,dudinka,69.4058,86.1778,6.09,69,100,0.95,RU,1718672076
66,cam ranh,11.9214,109.1591,31.98,58,0,0.51,VN,1718672076
67,banda aceh,5.5577,95.3222,27.99,75,100,4.43,ID,1718672024
68,constantia,44.1833,28.65,18.38,74,4,4.33,RO,1718671823
69,ushuaia,-54.8,-68.3,-1.19,69,75,5.66,AR,1718672043
70,khorixas,-20.3667,14.9667,12.87,39,0,1.14,NA,1718672077
71,nakamura,32.9833,132.9333,24.47,90,100,1.07,JP,1718672077
72,kiruna,67.8557,20.2251,11.51,87,75,3.09,SE,1718672077
73,petropavlovsk-kamchatsky,53.0452,158.6483,12.33,58,75,5.0,RU,1718672077
74,blackmans bay,-43.0167,147.3167,8.18,95,99,1.65,AU,1718672077
75,mount gambier,-37.8333,140.7667,10.12,60,2,2.1,AU,1718672077
76,gillette,44.2911,-105.5022,18.35,82,75,6.17,US,1718672076
77,jamestown,42.097,-79.2353,27.77,85,0,2.57,US,1718672054
78,bredasdorp,-34.5322,20.0403,12.11,79,97,2.39,ZA,1718672078
79,kirakira,-10.4544,161.9205,29.57,69,20,2.84,SB,1718672078
80,punta arenas,-53.15,-70.9167,0.06,59,20,6.69,CL,1718671844
81,palasa,18.7667,84.4167,28.93,71,100,2.23,IN,1718672078
82,sur,22.5667,59.5289,32.93,48,5,3.38,OM,1718672078
83,arno,60.1167,18.6333,12.66,86,100,2.69,SE,1718672078
84,invercargill,-46.4,168.35,8.9,84,34,4.92,NZ,1718671842
85,new norfolk,-42.7826,147.0587,8.84,79,97,0.77,AU,1718672078
86,cooper's town,26.8667,-77.5167,27.03,71,100,9.32,BS,1718672079
87,fort bragg,35.139,-79.006,30.32,62,0,1.54,US,1718672013
88,edinburgh of the seven seas,-37.0676,-12.3116,12.91,67,100,5.18,SH,1718671862
89,longyearbyen,78.2186,15.6401,6.91,70,0,6.17,SJ,1718672079
90,uturoa,-16.7333,-151.4333,26.03,75,20,6.71,PF,1718672079
91,al buraymi,24.2509,55.7931,34.68,23,0,3.6,OM,1718672079
92,st. john's,47.5649,-52.7093,15.66,57,20,6.69,CA,1718671897
93,hamilton,39.1834,-84.5333,32.47,55,0,4.63,US,1718672079
94,nadym,65.5333,72.5167,4.21,63,10,8.17,RU,1718672080
95,pontianak,-0.0333,109.3333,24.99,100,40,2.06,ID,1718672080
96,san patricio,28.017,-97.5169,31.05,71,37,8.6,US,1718672080
97,puerto lempira,15.2667,-83.7667,27.08,78,75,0.0,HN,1718672080
98,whitehorse,60.7161,-135.0538,25.61,21,75,2.06,CA,1718671879
99,doda,33.1333,75.5667,23.54,52,0,2.32,IN,1718672081
100,scottburgh,-30.2867,30.7532,17.11,45,0,3.98,ZA,1718672081
101,tsiombe,-25.3,45.4833,17.72,75,0,3.9,MG,1718672081
102,margate,51.3813,1.3862,14.83,77,100,0.89,GB,1718672081
103,bom jesus,-9.0744,-44.3586,21.08,52,0,0.53,BR,1718672051
104,selfoss,63.9331,-20.9971,8.91,87,100,2.12,IS,1718672081
105,olonkinbyen,70.9221,-8.7187,0.02,81,18,1.84,SJ,1718672082
106,wailua homesteads,22.0669,-159.378,30.24,76,75,6.17,US,1718672082
107,phan rang-thap cham,11.5667,108.9833,31.64,56,80,2.73,VN,1718672082
108,nizhneudinsk,54.9076,99.0276,17.09,93,99,1.0,RU,1718672082
109,guerrero negro,27.9769,-114.0611,18.45,71,0,8.48,MX,1718672082
110,villa gesell,-37.2639,-56.973,12.25,91,2,6.03,AR,1718672082
111,tyukhtet,56.5389,89.3011,18.19,84,100,0.43,RU,1718672082
112,chibougamau,49.9168,-74.3659,23.79,73,75,1.54,CA,1718672083
113,sensuntepeque,13.8667,-88.6333,19.8,99,100,1.13,SV,1718672083
114,judeida makr,32.9256,35.155,22.97,85,0,0.76,IL,1718672083
115,iskateley,67.6803,53.1512,4.14,60,0,1.92,RU,1718672083
116,ta`u,-14.2336,-169.5144,27.43,77,68,9.57,AS,1718672083
117,cill airne,52.05,-9.5167,11.6,95,100,2.06,IE,1718672083
118,nova vicosa,-17.8919,-39.3719,22.68,87,2,1.18,BR,1718671929
119,porto barra do ivinheima,-22.9667,-53.6667,23.42,43,30,1.94,BR,1718672083
120,champerico,14.3,-91.9167,27.3,91,100,3.82,GT,1718672084
121,la ronge,55.1001,-105.2842,10.12,53,75,6.69,CA,1718672084
122,diepholz,52.6,8.3667,13.88,86,100,0.62,DE,1718672084
123,zanjan,36.6736,48.4787,18.99,66,0,1.27,IR,1718672084
124,carloforte,39.145,8.3058,21.53,69,0,5.06,IT,1718672084
125,dombarovskiy,50.7587,59.5386,21.96,67,11,2.38,RU,1718672084
126,ghat,24.9647,10.1728,33.07,12,0,3.09,LY,1718672085
127,katsuura,35.1333,140.3,19.01,96,100,2.72,JP,1718672085
128,coquimbo,-29.9533,-71.3436,11.85,82,0,2.06,CL,1718672049
129,chonchi,-42.6128,-73.8092,7.56,86,100,3.31,CL,1718672085
130,cassano allo ionio,39.783,16.3182,17.49,52,0,1.92,IT,1718672085
131,guatrache,-37.6678,-63.5302,12.24,65,100,3.89,AR,1718672085
132,sandnessjoen,66.0217,12.6316,14.29,74,100,4.75,NO,1718672085
133,areia branca,-4.9561,-37.1369,26.11,75,20,8.75,BR,1718672086
134,ribeira grande,38.5167,-28.7,18.76,78,82,4.47,PT,1718672086
135,ilhabela,-23.7781,-45.3581,22.85,55,2,1.93,BR,1718672084
136,nuuk,64.1835,-51.7216,4.34,81,100,10.8,GL,1718672086
137,kaharlyk,49.8623,30.8282,15.25,96,0,3.15,UA,1718672086
138,zharkent,44.1628,80.0,22.47,40,0,2.35,KZ,1718672086
139,hawaiian paradise park,19.5933,-154.9731,26.52,78,100,2.06,US,1718672086
140,bargaal,11.2864,51.0773,29.01,60,95,7.62,SO,1718672087
141,alvorada,-12.48,-49.1247,21.99,43,0,2.0,BR,1718672087
142,pacasmayo,-7.4006,-79.5714,18.11,81,7,7.48,PE,1718672087
143,remire-montjoly,4.9167,-52.2667,26.02,94,20,1.03,GF,1718672087
144,lodja,-3.4833,23.4333,21.26,75,38,0.16,CD,1718672087
145,tommot,58.9564,126.2925,8.74,92,100,1.56,RU,1718672088
146,codrington,-38.2667,141.9667,10.57,62,2,2.29,AU,1718672088
147,hirson,49.9226,4.0826,16.37,95,100,2.35,FR,1718672088
148,talnakh,69.4865,88.3972,6.18,67,100,1.14,RU,1718672088
149,smirnykh,49.75,142.8333,9.83,99,100,0.9,RU,1718672088
150,hinton,53.4001,-117.5857,7.41,73,96,3.75,CA,1718672088
151,itamaraca,-7.7478,-34.8256,26.03,76,4,3.16,BR,1718672088
152,midvagur,62.0511,-7.1939,7.46,87,75,10.8,FO,1718672088
153,avarua,-21.2078,-159.775,25.03,69,75,3.6,CK,1718672089
154,lorengau,-2.0226,147.2712,28.49,81,100,4.5,PG,1718672089
155,luziania,-16.2525,-47.9503,19.83,60,0,2.57,BR,1718672089
156,talitsy,56.5289,42.3344,17.34,98,42,2.57,RU,1718672089
157,nova sintra,14.8667,-24.7167,23.69,81,9,8.95,CV,1718672089
158,hermanus,-34.4187,19.2345,13.78,82,100,4.13,ZA,1718672051
159,mariental,-24.6333,17.9667,11.03,44,12,3.0,NA,1718672090
160,pemangkat,1.1667,108.9667,26.94,84,99,3.61,ID,1718672090
161,klyuchi,52.2667,79.1667,21.55,81,62,5.34,RU,1718672090
162,yengema,8.7167,-11.1667,21.9,100,100,0.39,SL,1718672090
163,kertih,4.5141,103.4483,24.01,94,20,0.0,MY,1718672090
164,colonia menno,-22.3667,-59.8167,20.76,79,46,2.84,PY,1718672090
165,tofol,5.3248,163.0078,30.88,70,75,3.6,FM,1718672091
166,sorong,-0.8833,131.25,26.88,85,58,5.12,ID,1718672091
167,telerghma,36.1165,6.3543,30.43,32,4,3.2,DZ,1718672091
168,teykovo,56.858,40.5369,17.66,99,65,2.64,RU,1718672091
169,iqaluit,63.7506,-68.5145,4.85,65,75,2.06,CA,1718672091
170,yellowknife,62.456,-114.3525,15.29,26,75,4.12,CA,1718672091
171,port hedland,-20.3167,118.5667,23.03,64,13,3.6,AU,1718672091
172,ji'an,27.1172,114.9793,24.77,97,100,1.34,CN,1718672091
173,port isabel,26.0734,-97.2086,32.02,74,40,7.72,US,1718672092
174,kirikkale,39.8333,33.75,15.6,75,0,2.35,TR,1718672092
175,sona,45.4388,10.8255,20.75,75,0,1.03,IT,1718672092
176,khanty-mansiysk,61.0042,69.0019,12.06,71,0,2.0,RU,1718672092
177,kone,-21.0595,164.8658,23.89,59,92,2.74,NC,1718672092
178,miyaly,48.8844,53.7836,28.43,32,18,3.9,KZ,1718672092
179,kodiak,57.79,-152.4072,16.73,45,0,3.09,US,1718672093
180,hithadhoo,-0.6,73.0833,27.88,76,74,2.93,MV,1718672093
181,palia kalan,28.45,80.5833,32.37,28,0,3.9,IN,1718672093
182,nemuro,43.3236,145.575,15.49,79,100,7.71,JP,1718672093
183,lerwick,60.1545,-1.1494,11.0,93,99,6.0,GB,1718672093
184,mili,6.0815,171.735,28.26,75,57,5.05,MH,1718672093
185,okhotsk,59.3833,143.3,7.06,94,100,8.24,RU,1718672093
186,villa allende,-31.2946,-64.2954,14.13,91,100,6.17,AR,1718672093
187,rio grande,-32.035,-52.0986,16.08,94,100,5.39,BR,1718671947
188,tsetserleg,47.475,101.4542,14.48,69,7,1.69,MN,1718672094
189,basco,20.4487,121.9702,29.72,77,89,5.44,PH,1718672094
190,saint-philippe,-21.3585,55.7679,19.77,73,12,3.48,RE,1718672094
191,saipan,15.1355,145.701,31.39,70,40,8.75,MP,1718672094
192,san matias,-16.3667,-58.4,25.08,39,4,2.8,BO,1718672094
193,east london,-33.0153,27.9116,21.19,41,0,6.56,ZA,1718671911
194,isabel segunda,18.1491,-65.4427,28.82,66,100,2.17,PR,1718672095
195,pansoy,13.1825,122.5989,28.5,72,99,0.81,PH,1718672095
196,grand island,40.925,-98.342,32.23,56,0,10.29,US,1718671916
197,vadso,70.0744,29.7487,9.49,93,75,7.2,NO,1718672095
198,freeport,40.6576,-73.5832,26.99,80,0,10.29,US,1718672095
199,cabo san lucas,22.8909,-109.9124,32.56,40,0,5.36,MX,1718672096
200,lazaro cardenas,17.9583,-102.2,27.57,79,100,6.19,MX,1718672096
201,puerto armuelles,8.2833,-82.8667,27.27,72,100,1.79,PA,1718672096
202,quellon,-43.1167,-73.6167,8.48,89,100,5.3,CL,1718672096
203,zambezi,-13.5432,23.1047,10.4,58,5,1.82,ZM,1718672096
204,bridgewater,44.3835,-64.5155,16.46,68,100,3.6,CA,1718671994
205,kerikeri,-35.2268,173.9474,17.73,94,98,0.89,NZ,1718672096
206,am timan,11.0297,20.2827,22.48,85,100,4.68,TD,1718672096
207,vila franca do campo,37.7167,-25.4333,18.27,99,100,3.73,PT,1718672097
208,la passe,45.5549,-0.8967,17.21,98,100,1.33,FR,1718672097
209,mattersburg,47.7333,16.4,19.64,84,66,1.81,AT,1718672097
210,marshall,34.3834,-86.3333,30.17,63,0,1.54,US,1718672097
211,coyhaique,-45.5752,-72.0662,2.34,99,100,0.67,CL,1718672017
212,sao vicente,-23.9631,-46.3919,27.1,26,6,2.81,BR,1718672097
213,dunedin,-45.8742,170.5036,7.67,79,100,5.36,NZ,1718672091
214,canico,32.6333,-16.85,21.51,85,40,1.54,PT,1718672098
215,tambo,-14.8,-73.9167,4.46,59,10,0.14,PE,1718672098
216,kasempa,-13.4584,25.8338,11.41,64,0,2.84,ZM,1718672098
217,cururupu,-1.8283,-44.8683,22.36,97,9,0.46,BR,1718672098
218,lewistown,40.5992,-77.5714,27.67,69,0,0.0,US,1718672098
219,isafjordur,66.0755,-23.124,5.26,76,100,2.77,IS,1718672098
220,utrik,11.2278,169.8474,27.98,80,100,7.08,MH,1718672098
221,laascaanood,8.4774,47.3597,24.67,55,36,10.84,SO,1718672098
222,mokhsogollokh,61.4681,128.9203,10.72,83,100,1.53,RU,1718672099
223,nevel'sk,46.6733,141.8633,11.42,89,100,2.17,RU,1718672099
224,port alfred,-33.5906,26.891,16.21,71,0,1.79,ZA,1718671864
225,prieska,-29.6641,22.7474,7.95,81,0,2.28,ZA,1718672099
226,pokhara,28.2333,83.9833,25.06,63,53,0.6,NP,1718672099
227,korsakov,46.6328,142.7813,18.91,85,100,4.34,RU,1718672099
228,gareoult,43.3286,6.0459,19.64,68,31,1.08,FR,1718672100
229,gadzhiyevo,69.2551,33.3362,13.57,87,100,2.91,RU,1718672100
230,belchatow,51.3688,19.3567,16.7,93,100,2.94,PL,1718671978
231,ingeniero jacobacci,-41.3427,-69.5448,3.94,63,0,11.81,AR,1718672100
232,port lincoln,-34.7333,135.8667,13.55,76,100,3.35,AU,1718672100
233,kendari,-3.945,122.4989,27.6,66,99,1.35,ID,1718672100
234,severo-yeniseyskiy,60.3725,93.0408,15.04,59,100,1.99,RU,1718672100
235,tura,25.5198,90.2201,24.81,98,100,1.99,IN,1718672101
236,hancheng,32.5186,112.3522,26.72,60,100,2.28,CN,1718672101
237,rongelap,11.1635,166.8941,28.5,79,21,7.09,MH,1718672101
238,dem'yanovo,60.3511,47.0842,17.12,79,100,3.82,RU,1718672101
239,tulun,54.5611,100.5792,17.21,90,97,1.07,RU,1718672102
240,bedele,8.456,36.353,12.22,96,18,1.0,ET,1718672102
241,new plymouth,-39.0667,174.0833,13.51,100,86,3.36,NZ,1718672102
242,turinskaya sloboda,57.6232,64.3858,14.32,78,5,2.21,RU,1718672103
243,axim,4.8699,-2.2405,25.58,85,86,4.33,GH,1718672103
244,vaxjo,56.8777,14.8091,11.25,99,40,1.54,SE,1718672104
245,namibe,-15.1961,12.1522,17.69,81,0,3.3,AO,1718672104
246,tashtyp,52.7939,89.8983,18.49,89,91,2.56,RU,1718672104
247,omerli,37.4022,40.9541,22.6,15,0,1.6,TR,1718672104
248,semey,50.4111,80.2275,20.12,83,0,3.0,KZ,1718672104
249,sakaiminato,35.55,133.2333,22.99,78,75,2.06,JP,1718672105
250,georgetown,5.4112,100.3354,26.96,83,20,2.06,MY,1718672036
251,tayshet,55.9342,98.0044,15.58,82,100,1.61,RU,1718672105
252,chernyshevskiy,63.0128,112.4714,9.72,76,100,4.23,RU,1718672105
253,bukama,-9.2,25.85,17.13,48,0,1.55,CD,1718672106
254,lethem,3.3803,-59.7968,26.16,78,68,2.7,GY,1718672106
255,kapa'a,22.0752,-159.319,30.99,76,75,6.17,US,1718672060
256,ouani,-12.1322,44.4258,26.06,81,19,6.56,KM,1718672106
257,kununurra,-15.7667,128.7333,24.99,44,5,2.06,AU,1718672106
258,antsiranana,-12.2787,49.2917,24.64,70,85,7.61,MG,1718671851
259,sumbe,-11.2061,13.8437,20.26,87,11,4.4,AO,1718672106
260,egilsstadir,65.2653,-14.3948,2.95,87,0,0.51,IS,1718672107
261,centerville,39.6284,-84.1594,32.23,80,75,4.63,US,1718671920
262,auki,-8.7676,160.7034,30.02,69,24,2.28,SB,1718672107
263,shalqar,47.8333,59.6,27.46,37,0,2.14,KZ,1718672107
264,sao felix do xingu,-6.6447,-51.995,25.29,62,82,0.83,BR,1718672107
265,campbell river,50.0163,-125.2446,18.66,55,40,2.06,CA,1718671812
266,kingston,17.997,-76.7936,29.53,74,100,6.17,JM,1718671987
267,kish,26.5578,54.0194,32.15,70,2,2.06,IR,1718672108
268,as sulayyil,20.4607,45.5779,30.14,12,0,2.0,SA,1718672108
269,kokoda,-8.8785,147.7407,29.88,41,5,2.9,PG,1718672108
270,anka,12.1138,5.9243,29.09,55,4,1.79,NG,1718672108
271,ghanzi,-21.5667,21.7833,13.4,37,0,3.02,BW,1718672108
272,joshimath,30.5667,79.5667,20.12,45,0,1.36,IN,1718672109
273,ocean shores,46.9737,-124.1563,16.36,79,100,6.17,US,1718672109
274,haiku-pauwela,20.9219,-156.3051,26.79,73,40,9.77,US,1718672109
275,dryden,49.7833,-92.7503,22.16,33,0,3.09,CA,1718672109
276,smara,26.7384,-11.6719,19.24,72,35,5.17,EH,1718672109
277,nadi,-17.8,177.4167,29.0,74,40,5.14,FJ,1718671939
278,kinablangan,7.6947,126.5503,28.11,69,100,0.69,PH,1718672110
279,sebastian,35.1668,-94.2669,32.31,71,41,4.43,US,1718671904
280,kuytun,54.3419,101.5036,16.14,87,100,1.44,RU,1718672110
281,brookings,44.3114,-96.7984,18.43,96,100,2.57,US,1718671875
282,byron bay,-28.65,153.6167,18.17,49,1,3.37,AU,1718672110
283,muynoq,43.7683,59.0214,25.08,58,24,3.25,UZ,1718672110
284,chenaran,36.6455,59.1212,22.02,35,6,1.97,IR,1718672110
285,khandyga,62.6667,135.6,19.37,47,76,0.45,RU,1718672111
286,trnava,48.3774,17.5872,19.91,85,15,1.78,SK,1718672111
287,ulladulla,-35.35,150.4667,13.04,55,7,3.15,AU,1718672111
288,santa elena de uairen,4.6167,-61.1333,19.83,89,100,0.11,VE,1718672111
289,misasi,-3.0,33.0833,16.77,58,0,1.62,TZ,1718672111
290,akureyri,65.6835,-18.0878,8.96,81,100,4.12,IS,1718672111
291,kandalaksha,67.162,32.4123,12.1,67,100,1.21,RU,1718672112
292,anadyr,64.75,177.4833,14.28,51,0,4.0,RU,1718672112
293,mogocha,53.7333,119.7667,11.5,92,100,0.41,RU,1718672112
294,batticaloa,7.7102,81.6924,27.3,82,97,3.05,LK,1718672112
295,labytnangi,66.6572,66.4183,5.23,69,51,1.7,RU,1718672112
296,springbok,-29.6643,17.8865,9.67,89,80,2.87,ZA,1718672112
297,cockburn town,21.4612,-71.1419,28.13,77,0,5.69,TC,1718671912
298,mahina,-17.5065,-149.489,26.87,69,20,8.75,PF,1718672113
299,huarmey,-10.0681,-78.1522,18.45,85,26,4.56,PE,1718672113
300,opuwo,-18.0607,13.84,12.18,31,0,1.64,NA,1718672113
301,ancud,-41.8697,-73.8203,8.46,80,38,4.99,CL,1718672113
302,ventspils,57.3894,21.5606,10.96,100,100,0.0,LV,1718672113
303,mandan,46.8267,-100.8896,19.99,63,100,6.69,US,1718672099
304,maceio,-9.6658,-35.7353,23.69,88,75,3.09,BR,1718672113
305,colesberg,-30.72,25.0972,7.36,71,0,3.71,ZA,1718672114
306,rabigh,22.7986,39.0349,30.35,71,18,3.0,SA,1718672114
307,nar'yan-mar,67.6713,53.087,4.18,59,0,1.92,RU,1718672114
308,tazacorte,28.629,-17.9293,20.54,88,100,4.63,ES,1718672114
309,laguna,38.421,-121.4238,30.16,19,0,7.72,US,1718672114
310,flying fish cove,-10.4217,105.6791,26.82,83,75,4.63,CX,1718672114
311,papao,-17.75,-149.55,26.82,77,25,6.13,PF,1718672114
312,calingasta,-31.3308,-69.4078,9.38,30,9,2.15,AR,1718672115
313,darwin,-12.4611,130.8418,26.64,49,0,4.12,AU,1718671946
314,bowen,-20.0167,148.2333,19.11,59,1,2.57,AU,1718672115
315,north bend,43.4065,-124.2243,18.88,59,0,7.2,US,1718672115
316,manaure,11.7751,-72.4445,29.64,67,20,6.61,CO,1718672115
317,pombas,17.1503,-25.0201,22.88,78,2,4.33,CV,1718672115
318,protaras,35.0125,34.0583,26.1,90,6,0.45,CY,1718672116
319,kavaratti,10.5669,72.642,27.73,82,100,3.3,IN,1718672116
320,tazovsky,67.4667,78.7,1.75,77,81,8.72,RU,1718672116
321,salalah,17.0151,54.0924,29.05,79,75,2.06,OM,1718672116
322,keokuk,40.3973,-91.3849,31.29,55,0,3.6,US,1718672116
323,saint-francois,46.4154,3.9054,16.47,95,0,1.54,FR,1718672116
324,stulpicani,47.4667,25.7667,13.73,96,7,1.54,RO,1718672116
325,bamboo flat,11.7,92.7167,28.05,89,75,1.03,IN,1718672117
326,lata,40.1629,-8.3327,17.26,97,100,2.31,PT,1718672117
327,sechura,-5.5569,-80.8222,19.32,74,0,8.32,PE,1718672117
328,carutapera,-1.195,-46.02,23.36,95,12,2.37,BR,1718672117
329,manggar,-2.8833,108.2667,29.3,73,93,3.57,ID,1718672117
330,kondagaon,19.6,81.6667,24.22,73,99,1.37,IN,1718672117
331,sinabang,2.4803,96.3801,27.01,79,63,0.91,ID,1718672117
332,dambatta,12.433,8.5154,27.06,45,39,2.79,NG,1718672117
333,gamba,-2.65,10.0,21.94,92,11,2.35,GA,1718672053
334,labrador city,52.9463,-66.9114,13.99,79,100,2.57,CA,1718671835
335,kayyerkan,69.3786,87.7439,5.8,69,100,0.78,RU,1718672118
336,escanaba,45.7453,-87.0646,19.58,88,0,0.0,US,1718672023
337,yaren,-0.5472,166.916,29.27,73,9,5.85,NR,1718672118
338,muntok,-2.0667,105.1833,26.84,91,95,3.85,ID,1718672119
339,iwanai,42.9744,140.5089,20.19,85,100,4.1,JP,1718672119
340,fort st. john,56.2499,-120.8529,15.94,25,75,7.2,CA,1718672119
341,santana,-0.0583,-51.1817,25.1,94,100,3.09,BR,1718672119
342,kasongo-lunda,-6.4667,16.8167,17.53,39,99,0.81,CD,1718672120
343,charlottetown,46.2352,-63.1267,18.29,70,40,5.66,CA,1718672103
344,arar,30.9753,41.0381,33.01,8,0,1.54,SA,1718672120
345,road town,18.4167,-64.6167,28.05,83,40,1.03,VG,1718672049
346,sovetskaya gavan',48.9723,140.2878,8.08,97,100,1.18,RU,1718672120
347,campbellton,48.0075,-66.6727,21.25,75,99,1.85,CA,1718671868
348,ad dabbah,18.05,30.95,33.05,32,6,4.71,SD,1718672121
349,kovdor,67.5662,30.4758,12.61,74,100,1.63,RU,1718672121
350,huayucachi,-12.1333,-75.2333,11.35,81,55,2.37,PE,1718672121
351,al fulah,11.7329,28.3579,29.81,50,99,3.36,SD,1718672121
352,aripuana,-9.1667,-60.6333,24.5,53,1,0.43,BR,1718672121
353,masterton,-40.9597,175.6575,16.05,91,100,3.37,NZ,1718672121
354,pakuranga,-36.8833,174.9167,17.27,86,75,2.57,NZ,1718672121
355,manay,7.215,126.5397,28.57,69,100,1.35,PH,1718672122
356,caarapo,-22.6342,-54.8222,22.1,46,2,2.24,BR,1718672122
357,knezevo,44.4908,17.3775,13.52,91,0,2.07,BA,1718672122
358,hammerfest,70.6634,23.6821,17.25,67,0,1.03,NO,1718672122
359,tamanrasset,22.785,5.5228,26.95,10,0,3.09,DZ,1718672122
360,starokozache,46.3372,29.9853,18.83,73,2,1.7,UA,1718672122
361,ahiri,19.4,80.0167,27.83,73,100,1.39,IN,1718672122
362,ipueiras,-7.0333,-40.45,22.21,43,63,3.55,BR,1718672122
363,arteche,12.2645,125.4048,29.76,68,100,1.03,PH,1718672123
364,susuman,62.7833,148.1667,15.51,44,100,4.96,RU,1718672123
365,ulaangom,49.9811,92.0667,20.61,45,100,1.16,MN,1718672123
366,port blair,11.6667,92.75,28.02,89,75,1.03,IN,1718672123
367,ormara,25.2088,64.6357,28.56,79,94,2.83,PK,1718672123
368,argo,37.6333,22.7333,21.55,55,5,2.12,GR,1718672123
369,palmer,42.1584,-72.3287,25.34,60,14,3.44,US,1718672123
370,siwa oasis,29.2041,25.5195,27.6,37,0,3.09,EG,1718672123
371,cafayate,-26.073,-65.9761,13.32,37,0,0.79,AR,1718672124
372,happy valley-goose bay,53.3168,-60.3315,17.17,63,100,6.17,CA,1718672124
373,chardara,41.2547,67.9692,24.56,49,24,4.17,KZ,1718672124
374,zeya,53.75,127.2667,19.68,42,56,2.16,RU,1718672124
375,bodo,67.28,14.405,17.1,65,20,5.66,NO,1718672124
376,levuka,50.1834,-105.4011,10.84,81,100,1.37,CA,1718672124
377,cartagena,10.3997,-75.5144,29.79,79,20,3.6,CO,1718671987
378,holualoa,19.6228,-155.9522,26.97,78,40,4.63,US,1718672125
379,bibbiena,43.6965,11.8135,13.27,69,12,0.62,IT,1718672125
380,shevchenkove,49.6959,37.1735,16.81,95,100,3.31,UA,1718672125
381,marquette,46.5333,-87.6335,17.92,87,100,0.45,US,1718671980
382,pangai,-19.8,-174.35,28.06,78,75,4.12,TO,1718671939
383,taltal,-25.4,-70.4833,15.17,79,0,1.18,CL,1718672125
384,blair,41.5444,-96.125,30.79,62,75,8.23,US,1718672125
385,ettrick,37.2402,-77.43,29.24,75,0,0.0,US,1718672126
386,bubaque,11.2833,-15.8333,26.99,80,100,3.43,GW,1718672126
387,puerto santa,-8.9906,-78.6456,17.71,88,12,4.94,PE,1718672126
388,tvoroyri,61.5556,-6.8111,7.96,82,100,9.98,FO,1718672126
389,touros,-5.1989,-35.4608,23.59,91,29,3.98,BR,1718671990
390,pasighat,28.0667,95.3333,24.23,98,100,0.99,IN,1718672126
391,alice springs,-23.7,133.8833,22.75,38,0,5.14,AU,1718672126
392,mapastepec,15.4333,-92.9,23.59,99,100,1.25,MX,1718672126
393,minas de marcona,-15.2119,-75.1103,11.88,88,90,7.31,PE,1718672127
394,broome,42.2506,-75.833,23.88,95,52,3.2,US,1718672127
395,citta di castello,43.4691,12.2305,21.12,85,8,0.67,IT,1718672127
396,mugia,43.1041,-9.2179,16.76,93,100,4.46,ES,1718672127
397,seven pagodas,12.6264,80.1722,26.03,77,99,5.42,IN,1718672127
398,fort william,56.8165,-5.1121,11.28,83,98,1.22,GB,1718672127
399,camalu,30.85,-116.0667,17.83,74,0,4.64,MX,1718672128
400,yuzhno-kurilsk,44.0306,145.8556,16.23,78,100,4.87,RU,1718672128
401,okha,53.5739,142.9478,5.75,97,100,6.07,RU,1718672128
402,el jadid,33.2549,-8.506,18.96,85,29,3.16,MA,1718672128
403,burton,42.9995,-83.6163,30.99,67,0,2.06,US,1718672128
404,moyuta,14.0386,-90.0808,17.74,98,100,0.98,GT,1718672129
405,zamora,-4.0692,-78.9567,19.3,99,21,0.81,EC,1718671942
406,malango,-2.9627,119.9001,24.24,76,22,1.22,ID,1718672130
407,kete krachi,7.7939,-0.0498,25.96,85,82,4.19,GH,1718672130
408,mashhad,36.297,59.6062,23.08,49,0,2.06,IR,1718672130
409,al qadarif,14.0349,35.3834,26.92,61,100,5.96,SD,1718672130
410,salina,38.8403,-97.6114,32.79,56,20,11.32,US,1718672130
411,dapa,9.7594,126.0531,28.3,74,100,1.11,PH,1718672131
412,korla,41.7597,86.1469,27.32,19,89,5.99,CN,1718672131
413,zhalantun,48.0,122.7167,19.13,60,100,2.22,CN,1718672032
414,lompoc,34.6391,-120.4579,22.66,62,0,7.72,US,1718672131
415,ambo,-10.1308,-76.2047,16.63,89,72,2.13,PE,1718672131
416,el carril,-25.0741,-65.4917,13.25,75,0,1.34,AR,1718672132
417,mabaruma,8.2,-59.7833,23.64,100,100,0.59,GY,1718672132
418,ust-tsilma,65.441,52.1498,11.88,73,1,0.5,RU,1718672132
419,kangding,30.0513,101.9603,17.04,97,100,1.44,CN,1718672132
420,usinsk,65.9939,57.5281,5.79,51,2,3.14,RU,1718672132
421,tete,-16.1564,33.5867,15.08,87,0,0.0,MZ,1718672132
422,kollo,13.3043,2.339,31.24,43,4,3.42,NE,1718672132
423,arraial do cabo,-22.9661,-42.0278,20.98,83,0,2.57,BR,1718672110
424,abreus,22.2775,-80.5675,28.17,88,100,3.35,CU,1718672133
425,akyazi,40.685,30.6222,11.1,67,0,1.4,TR,1718672112
426,carolina beach,34.0352,-77.8936,26.12,78,8,0.45,US,1718672133
427,saint-marc,19.1082,-72.6938,27.85,72,57,2.23,HT,1718672133
428,cambria,35.5641,-121.0808,31.41,51,100,6.49,US,1718672133
429,nantucket,41.2835,-70.0995,20.03,94,0,5.66,US,1718672008
430,waingapu,-9.6567,120.2641,27.23,66,2,8.22,ID,1718672134
431,svetlyy,54.675,20.1347,17.03,95,7,3.38,RU,1718672134
432,sitka,57.0531,-135.33,13.94,67,100,6.17,US,1718672134
433,namdrik,5.5994,168.1028,28.52,75,5,3.59,MH,1718672134
434,visakhapatnam,17.69,83.2093,28.94,100,20,1.03,IN,1718672134
435,huaraz,-9.5333,-77.5333,13.31,76,89,1.05,PE,1718671975
436,alofi,-19.0595,-169.9187,27.94,74,75,4.63,NU,1718672135
437,vanino,49.0869,140.2543,8.07,97,100,0.88,RU,1718672135
438,suoyarvi,62.0833,32.35,14.4,99,100,2.22,RU,1718672135
439,slupca,52.2873,17.8719,16.22,88,100,1.84,PL,1718672135
440,myrina,39.8797,25.0742,19.58,73,0,2.06,GR,1718672135
441,saint-junien,45.8833,0.9,19.32,93,100,2.47,FR,1718672135
442,trinity beach,-16.7888,145.6968,26.67,61,8,4.63,AU,1718672136
443,vangaindrano,-23.35,47.6,19.46,78,99,1.46,MG,1718672136
444,carnarvon,-24.8667,113.6333,19.23,72,0,9.51,AU,1718672136
445,nakhon si thammarat,8.25,100.0,25.0,78,100,2.75,TH,1718672136
446,ndioum,16.5129,-14.6471,31.94,38,17,4.41,SN,1718672136
447,alta,69.9689,23.2717,15.59,77,0,2.06,NO,1718672136
448,eraan,9.0629,117.7016,30.52,63,48,0.69,PH,1718672136
449,champoton,19.35,-90.7167,26.25,90,100,0.35,MX,1718672136
450,kenai,60.5544,-151.2583,15.57,82,100,5.14,US,1718672137
451,uaua,-9.8414,-39.4817,22.51,78,73,4.69,BR,1718672137
452,marlin,31.3063,-96.898,32.37,71,85,7.56,US,1718672137
453,americus,32.0724,-84.2327,26.77,100,0,1.54,US,1718672137
454,mesolongi,38.3702,21.4295,22.73,61,0,1.4,GR,1718672137
455,poronaysk,49.2167,143.1167,10.14,97,100,2.16,RU,1718672138
456,roma,43.2128,-75.4557,29.08,58,100,1.54,US,1718672071
457,chabahar,25.2919,60.643,30.17,80,30,1.99,IR,1718672138
458,arari,-3.4536,-44.78,24.03,80,15,0.65,BR,1718671990
459,paradip garh,20.3167,86.6167,30.15,75,100,4.48,IN,1718672138
460,la'ie,21.6477,-157.9253,30.98,74,27,3.13,US,1718672138
461,portland,45.5234,-122.6762,18.56,67,75,3.09,US,1718671959
462,rocha,-34.4833,-54.3333,10.16,97,0,2.47,UY,1718671946
463,lampazos de naranjo,27.0167,-100.5167,36.0,29,0,6.77,MX,1718672139
464,jiazi,22.8779,116.067,28.62,79,95,3.0,CN,1718672139
465,la punta,-33.1837,-66.3127,13.08,62,100,5.06,AR,1718672139
466,barysaw,54.2312,28.5049,17.16,97,5,3.61,BY,1718672139
467,al bawiti,28.3492,28.8659,24.07,46,0,3.4,EG,1718672139
468,naliya,23.2667,68.8333,29.97,68,61,5.94,IN,1718672139
469,lospalos,-8.5186,127.0025,23.26,69,100,4.65,TL,1718672140
470,mormugao,15.4,73.8,26.59,94,75,2.57,IN,1718672140
471,kudahuvadhoo,2.6708,72.8944,28.86,74,95,4.14,MV,1718672140
472,viedma,-40.8135,-62.9967,13.89,41,100,7.83,AR,1718671984
473,pangody,65.85,74.4859,4.05,64,27,8.64,RU,1718672140
474,bakchar,57.0186,82.0711,16.33,98,93,3.4,RU,1718672140
475,oudenburg,51.1851,3.0085,16.65,81,0,1.03,BE,1718672140
476,itoman,26.1247,127.6694,25.22,100,75,8.23,JP,1718672141
477,chagoda,59.164,35.3285,15.58,95,100,2.86,RU,1718672141
478,hovd,48.0056,91.6419,18.37,44,52,1.26,MN,1718672141
479,palembang,-2.9167,104.7458,26.05,94,20,2.06,ID,1718672000
480,buala,-8.145,159.5921,29.21,74,35,3.19,SB,1718672141
481,enriquillo,17.9,-71.2333,25.98,81,100,2.73,DO,1718672141
482,passos,-20.7189,-46.6097,13.53,58,7,1.7,BR,1718672142
483,niafunke,15.9322,-3.9906,34.44,36,6,2.43,ML,1718672142
484,arkhangel'sk,64.5401,40.5433,14.06,72,40,3.0,RU,1718672034
485,khonsa,27.0167,95.5667,24.25,95,100,0.63,IN,1718672142
486,palapye,-22.546,27.1251,11.95,65,0,1.8,BW,1718672142
487,marsa alam,25.0757,34.8918,31.73,33,9,4.21,EG,1718672142
488,newman,37.3138,-121.0208,28.34,17,0,7.15,US,1718672142
489,puerto leguizamo,-0.1934,-74.7819,23.51,92,4,0.43,CO,1718672143
490,kariba,-16.5167,28.8,14.89,65,16,1.65,ZW,1718672016
491,corinto,37.9407,22.9573,24.02,59,7,1.19,GR,1718672016
492,donauworth,48.7,10.8,16.11,91,98,1.23,DE,1718671982
493,mount pearl,47.5166,-52.7813,15.19,60,20,6.69,CA,1718672040
494,la possession,-20.9289,55.3351,19.99,82,0,3.6,RE,1718672143
495,hasaki,35.7333,140.8333,19.22,97,100,4.52,JP,1718672144
496,paracuru,-3.41,-39.0306,27.84,84,32,4.41,BR,1718672144
497,enewetak,11.3474,162.3373,28.16,80,42,6.93,MH,1718672144
498,aykhal,66.0,111.5,8.04,64,100,0.65,RU,1718672144
499,acarau,-2.8856,-40.12,24.71,83,4,4.57,BR,1718672144
500,manokwari,-0.8667,134.0833,28.12,72,100,2.09,ID,1718672144
501,limulunga,-15.0969,23.1376,10.94,53,6,2.15,ZM,1718672144
502,santa terezinha,-29.9002,-50.0904,17.94,97,100,2.67,BR,1718672145
503,jawf al maqbabah,13.8378,45.8349,24.96,59,92,2.45,YE,1718672145
504,sinop,41.7711,34.8709,15.39,85,0,1.22,TR,1718672145
505,hassi messaoud,31.6804,6.0729,33.92,16,11,2.06,DZ,1718672111
506,thiruvarur,10.7667,79.65,28.31,79,100,3.87,IN,1718672145
507,taro,-8.3862,115.28,22.0,59,0,0.66,ID,1718672145
508,mitsamiouli,-11.3847,43.2844,26.38,79,4,4.84,KM,1718672146
509,newnham,-41.3833,147.1333,8.7,81,40,4.63,AU,1718672146
510,clorinda,-25.2848,-57.7185,22.09,99,84,1.37,AR,1718672146
511,harper,4.375,-7.7169,25.52,83,100,5.04,LR,1718672146
512,chela,34.069,104.4619,14.39,83,100,1.05,CN,1718672146
513,rio gallegos,-51.6226,-69.2181,-0.97,74,100,7.2,AR,1718672090
514,avenal,36.0041,-120.129,28.87,6,34,8.46,US,1718671933
515,necochea,-38.5473,-58.7368,12.12,64,100,6.03,AR,1718672146
516,caldas,6.0911,-75.6357,20.4,90,86,2.19,CO,1718671900
517,yeppoon,-23.1333,150.7333,19.03,31,0,2.81,AU,1718672147
518,kyren,51.6828,102.1408,19.47,70,22,1.14,RU,1718672147
519,perelyub,51.8667,50.3667,22.8,61,1,2.12,RU,1718672147
520,rouissat,31.9243,5.3502,35.04,14,0,4.12,DZ,1718672147
521,le port,-20.9373,55.2919,20.0,65,1,3.64,RE,1718671875
522,jumla,29.2747,82.1838,16.66,63,26,1.1,NP,1718672148
523,chos malal,-37.3781,-70.2709,4.44,90,100,2.94,AR,1718672148
524,castillos,-34.1667,-53.8333,12.19,89,0,2.49,UY,1718672148
525,quezon,7.7303,125.0989,27.81,73,7,0.67,PH,1718672148
526,patnanungan,14.7833,122.1833,29.05,75,98,0.4,PH,1718672148
527,arinos,-15.9169,-46.1056,16.9,58,0,0.28,BR,1718671870
528,pisco,-13.7,-76.2167,18.03,82,4,2.57,PE,1718672148
529,nuku'alofa,-21.1333,-175.2,27.19,89,75,3.6,TO,1718672149
530,howrah,22.5892,88.3103,31.0,89,75,6.17,IN,1718672149
531,bac lieu,9.285,105.7244,29.87,69,12,4.43,VN,1718672149
532,paka,4.6374,103.4368,23.96,94,20,0.0,MY,1718672150
533,stephenville,32.2207,-98.2023,32.07,58,40,5.14,US,1718672150
534,mikuni,36.2171,136.1519,18.95,93,100,3.06,JP,1718672150
535,tabou,4.423,-7.3528,25.59,83,100,4.57,CI,1718672150
536,el granada,37.5027,-122.4694,27.94,48,0,11.83,US,1718672150
537,harstad,68.799,16.5293,17.91,71,100,1.03,NO,1718672150
538,nampula,-15.1165,39.2666,17.97,88,75,3.6,MZ,1718672109
539,kamiiso,41.8167,140.65,23.21,56,75,2.57,JP,1718672151
540,tralee,52.2704,-9.7026,11.27,91,100,2.42,IE,1718672151
541,katsuren-haebaru,26.3369,127.8719,25.22,93,100,5.66,JP,1718672151
542,yarmouth,41.7057,-70.2286,20.54,85,0,6.17,US,1718672139
543,mossel bay,-34.1831,22.146,12.96,71,3,0.95,ZA,1718672151
544,las toscas,-28.3529,-59.258,16.27,94,81,1.85,AR,1718672151
545,tshikapa,-6.4167,20.8,19.39,43,0,1.19,CD,1718672151
546,bundaberg,-24.85,152.35,17.46,37,0,4.56,AU,1718672152
547,ballina,-28.8667,153.5667,18.21,53,0,3.06,AU,1718672152
548,newport,51.5877,-2.9984,14.34,89,100,3.9,GB,1718672152
